epochs,error
1,0.012261306532663316
2,0.012261306532663316
3,0.0008040201005025126
4,0.0
5,0.0
6,0.0
7,0.0
8,0.0
9,0.0
10,0.0
11,0.0
